Workbook

Sheet Dashboard
B2: Bulgarian Learning App — Project Dashboard
B4: OVERALL PROGRESS | D4: CONTENT STATUS | F4: NEXT MILESTONE
B5: Total Lessons | C5: =COUNTA(Tasks!B3:B200)-COUNTBLANK(Tasks!B3:B200) -> 2 | D5: Study Guides | E5: =COUNTIF(Tasks!D3:D200,"Done") -> 20 | F5: Current Focus | G5: Week 1 completion
B6: Completed | C6: =COUNTIF(Tasks!H3:H200,"Done") -> 5 | D6: Flashcard Sets | E6: =COUNTIF(Tasks!E3:E200,"Done") -> 5 | F6: Target
B7: In Progress | C7: =COUNTIF(Tasks!H3:H200,"In Progress") -> 15 | D7: Quiz Sets | E7: =COUNTIF(Tasks!F3:F200,"Done") -> 5 | F7: Notes | G7: Finish Days 1-3 to 1-5 next
B8: Not Started | C8: =COUNTIF(Tasks!H3:H200,"Not Started") -> 80 | D8: Writing Practice | E8: =COUNTIF(Tasks!G3:G200,"Done") -> 20
B9: % Complete | C9: =IF(C5>0,C6/C5,0) -> 2.5
B11: PROGRESS BY WEEK
B12: Week | C12: Theme | D12: Days Done | E12: Days Total | F12: Completion | G12: Status | H12: Notes
B13: Week 1 | C13: Cyrillic А-К | D13: =COUNTIFS(Tasks!A3:A200,1,Tasks!H3:H200,"Done") -> 5 | E13: =COUNTIF(Tasks!A3:A200,1) -> 5 | F13: =IF(E13>0,D13/E13,0) -> 1 | G13: =IF(F13=1,"Complete",IF(F13>0,"In Progress","Not Started")) -> Complete
B14: Week 2 | C14: Cyrillic П-Я | D14: =COUNTIFS(Tasks!A3:A200,2,Tasks!H3:H200,"Done") -> 0 | E14: =COUNTIF(Tasks!A3:A200,2) -> 5 | F14: =IF(E14>0,D14/E14,0) -> 0 | G14: =IF(F14=1,"Complete",IF(F14>0,"In Progress","Not Started")) -> Not Started
B15: Week 3 | C15: Pronunciation | D15: =COUNTIFS(Tasks!A3:A200,3,Tasks!H3:H200,"Done") -> 0 | E15: =COUNTIF(Tasks!A3:A200,3) -> 5 | F15: =IF(E15>0,D15/E15,0) -> 0 | G15: =IF(F15=1,"Complete",IF(F15>0,"In Progress","Not Started")) -> Not Started
B16: Week 4 | C16: Greetings & Phrases | D16: =COUNTIFS(Tasks!A3:A200,4,Tasks!H3:H200,"Done") -> 0 | E16: =COUNTIF(Tasks!A3:A200,4) -> 5 | F16: =IF(E16>0,D16/E16,0) -> 0 | G16: =IF(F16=1,"Complete",IF(F16>0,"In Progress","Not Started")) -> Not Started
B17: Week 5 | C17: Numbers & Time | D17: =COUNTIFS(Tasks!A3:A200,5,Tasks!H3:H200,"Done") -> 0 | E17: =COUNTIF(Tasks!A3:A200,5) -> 5 | F17: =IF(E17>0,D17/E17,0) -> 0 | G17: =IF(F17=1,"Complete",IF(F17>0,"In Progress","Not Started")) -> Not Started
B18: Week 6 | C18: Family & People | D18: =COUNTIFS(Tasks!A3:A200,6,Tasks!H3:H200,"Done") -> 0 | E18: =COUNTIF(Tasks!A3:A200,6) -> 5 | F18: =IF(E18>0,D18/E18,0) -> 0 | G18: =IF(F18=1,"Complete",IF(F18>0,"In Progress","Not Started")) -> Not Started
B19: Week 7 | C19: Food & Drink | D19: =COUNTIFS(Tasks!A3:A200,7,Tasks!H3:H200,"Done") -> 0 | E19: =COUNTIF(Tasks!A3:A200,7) -> 5 | F19: =IF(E19>0,D19/E19,0) -> 0 | G19: =IF(F19=1,"Complete",IF(F19>0,"In Progress","Not Started")) -> Not Started
B20: Week 8 | C20: Shopping & Money | D20: =COUNTIFS(Tasks!A3:A200,8,Tasks!H3:H200,"Done") -> 0 | E20: =COUNTIF(Tasks!A3:A200,8) -> 5 | F20: =IF(E20>0,D20/E20,0) -> 0 | G20: =IF(F20=1,"Complete",IF(F20>0,"In Progress","Not Started")) -> Not Started
B21: Week 9 | C21: Directions & Places | D21: =COUNTIFS(Tasks!A3:A200,9,Tasks!H3:H200,"Done") -> 0 | E21: =COUNTIF(Tasks!A3:A200,9) -> 5 | F21: =IF(E21>0,D21/E21,0) -> 0 | G21: =IF(F21=1,"Complete",IF(F21>0,"In Progress","Not Started")) -> Not Started
B22: Week 10 | C22: Daily Routines | D22: =COUNTIFS(Tasks!A3:A200,10,Tasks!H3:H200,"Done") -> 0 | E22: =COUNTIF(Tasks!A3:A200,10) -> 5 | F22: =IF(E22>0,D22/E22,0) -> 0 | G22: =IF(F22=1,"Complete",IF(F22>0,"In Progress","Not Started")) -> Not Started
B23: Week 11 | C23: Weather & Seasons | D23: =COUNTIFS(Tasks!A3:A200,11,Tasks!H3:H200,"Done") -> 0 | E23: =COUNTIF(Tasks!A3:A200,11) -> 5 | F23: =IF(E23>0,D23/E23,0) -> 0 | G23: =IF(F23=1,"Complete",IF(F23>0,"In Progress","Not Started")) -> Not Started
B24: Week 12 | C24: Health & Body | D24: =COUNTIFS(Tasks!A3:A200,12,Tasks!H3:H200,"Done") -> 0 | E24: =COUNTIF(Tasks!A3:A200,12) -> 5 | F24: =IF(E24>0,D24/E24,0) -> 0 | G24: =IF(F24=1,"Complete",IF(F24>0,"In Progress","Not Started")) -> Not Started
B25: Week 13 | C25: Travel & Transport | D25: =COUNTIFS(Tasks!A3:A200,13,Tasks!H3:H200,"Done") -> 0 | E25: =COUNTIF(Tasks!A3:A200,13) -> 5 | F25: =IF(E25>0,D25/E25,0) -> 0 | G25: =IF(F25=1,"Complete",IF(F25>0,"In Progress","Not Started")) -> Not Started
B26: Week 14 | C26: Work & Education | D26: =COUNTIFS(Tasks!A3:A200,14,Tasks!H3:H200,"Done") -> 0 | E26: =COUNTIF(Tasks!A3:A200,14) -> 5 | F26: =IF(E26>0,D26/E26,0) -> 0 | G26: =IF(F26=1,"Complete",IF(F26>0,"In Progress","Not Started")) -> Not Started
B27: Week 15 | C27: Hobbies & Leisure | D27: =COUNTIFS(Tasks!A3:A200,15,Tasks!H3:H200,"Done") -> 0 | E27: =COUNTIF(Tasks!A3:A200,15) -> 5 | F27: =IF(E27>0,D27/E27,0) -> 0 | G27: =IF(F27=1,"Complete",IF(F27>0,"In Progress","Not Started")) -> Not Started
B28: Week 16 | C28: Grammar: Present Tense | D28: =COUNTIFS(Tasks!A3:A200,16,Tasks!H3:H200,"Done") -> 0 | E28: =COUNTIF(Tasks!A3:A200,16) -> 5 | F28: =IF(E28>0,D28/E28,0) -> 0 | G28: =IF(F28=1,"Complete",IF(F28>0,"In Progress","Not Started")) -> Not Started
B29: Week 17 | C29: Grammar: Past Tense | D29: =COUNTIFS(Tasks!A3:A200,17,Tasks!H3:H200,"Done") -> 0 | E29: =COUNTIF(Tasks!A3:A200,17) -> 5 | F29: =IF(E29>0,D29/E29,0) -> 0 | G29: =IF(F29=1,"Complete",IF(F29>0,"In Progress","Not Started")) -> Not Started
B30: Week 18 | C30: Grammar: Future Tense | D30: =COUNTIFS(Tasks!A3:A200,18,Tasks!H3:H200,"Done") -> 0 | E30: =COUNTIF(Tasks!A3:A200,18) -> 5 | F30: =IF(E30>0,D30/E30,0) -> 0 | G30: =IF(F30=1,"Complete",IF(F30>0,"In Progress","Not Started")) -> Not Started
B31: Week 19 | C31: Conversations | D31: =COUNTIFS(Tasks!A3:A200,19,Tasks!H3:H200,"Done") -> 0 | E31: =COUNTIF(Tasks!A3:A200,19) -> 5 | F31: =IF(E31>0,D31/E31,0) -> 0 | G31: =IF(F31=1,"Complete",IF(F31>0,"In Progress","Not Started")) -> Not Started
B32: Week 20 | C32: Review & Assessment | D32: =COUNTIFS(Tasks!A3:A200,20,Tasks!H3:H200,"Done") -> 0 | E32: =COUNTIF(Tasks!A3:A200,20) -> 5 | F32: =IF(E32>0,D32/E32,0) -> 0 | G32: =IF(F32=1,"Complete",IF(F32>0,"In Progress","Not Started")) -> Not Started

Sheet Tasks
A1: Lesson Task Tracker
A2: Week | B2: Lesson | C2: Topic | D2: Study Guide | E2: Flashcards | F2: Quiz | G2: Writing | H2: Status | I2: Notes
A3: 1 | B3: Day 1-1 | C3: Letters А, Б, В, Г, Д | D3: Done | E3: Done | F3: Done | G3: Done | H3: =IF(AND(D3="Done",E3="Done",F3="Done",G3="Done"),"Done",IF(OR(D3="Done",E3="Done",F3="Done",G3="Done",D3="In Progress",E3="In Progress",F3="In Progress",G3="In Progress"),"In Progress","Not Started")) -> Done
A4: 1 | B4: Day 1-2 | C4: Letters Е, Ж, З, И, Й | D4: Done | E4: Done | F4: Done | G4: Done | H4: =IF(AND(D4="Done",E4="Done",F4="Done",G4="Done"),"Done",IF(OR(D4="Done",E4="Done",F4="Done",G4="Done",D4="In Progress",E4="In Progress",F4="In Progress",G4="In Progress"),"In Progress","Not Started")) -> Done
A5: 1 | B5: Day 1-3 | C5: Letters К, Л, М, Н, О | D5: Done | E5: Done | F5: Done | G5: Done | H5: =IF(AND(D5="Done",E5="Done",F5="Done",G5="Done"),"Done",IF(OR(D5="Done",E5="Done",F5="Done",G5="Done",D5="In Progress",E5="In Progress",F5="In Progress",G5="In Progress"),"In Progress","Not Started")) -> Done
A6: 1 | B6: Day 1-4 | C6: Drill & Review А-О | D6: Done | E6: Done | F6: Done | G6: Done | H6: =IF(AND(D6="Done",E6="Done",F6="Done",G6="Done"),"Done",IF(OR(D6="Done",E6="Done",F6="Done",G6="Done",D6="In Progress",E6="In Progress",F6="In Progress",G6="In Progress"),"In Progress","Not Started")) -> Done
A7: 1 | B7: Day 1-5 | C7: Week 1 Review | D7: Done | E7: Done | F7: Done | G7: Done | H7: =IF(AND(D7="Done",E7="Done",F7="Done",G7="Done"),"Done",IF(OR(D7="Done",E7="Done",F7="Done",G7="Done",D7="In Progress",E7="In Progress",F7="In Progress",G7="In Progress"),"In Progress","Not Started")) -> Done
A8: 2 | B8: Day 2-1 | C8: Letters П, Р, С, Т, У | D8: Done | E8: Not Started | F8: Not Started | G8: Done | H8: =IF(AND(D8="Done",E8="Done",F8="Done",G8="Done"),"Done",IF(OR(D8="Done",E8="Done",F8="Done",G8="Done",D8="In Progress",E8="In Progress",F8="In Progress",G8="In Progress"),"In Progress","Not Started")) -> In Progress | I8: Needs flashcard + quiz arrays
A9: 2 | B9: Day 2-2 | C9: Letters Ф, Х, Ц, Ч, Ш | D9: Done | E9: Not Started | F9: Not Started | G9: Done | H9: =IF(AND(D9="Done",E9="Done",F9="Done",G9="Done"),"Done",IF(OR(D9="Done",E9="Done",F9="Done",G9="Done",D9="In Progress",E9="In Progress",F9="In Progress",G9="In Progress"),"In Progress","Not Started")) -> In Progress | I9: Needs flashcard + quiz arrays
A10: 2 | B10: Day 2-3 | C10: Letters Щ, Ъ, Ь, Ю, Я | D10: Done | E10: Not Started | F10: Not Started | G10: Done | H10: =IF(AND(D10="Done",E10="Done",F10="Done",G10="Done"),"Done",IF(OR(D10="Done",E10="Done",F10="Done",G10="Done",D10="In Progress",E10="In Progress",F10="In Progress",G10="In Progress"),"In Progress","Not Started")) -> In Progress | I10: Needs flashcard + quiz arrays
A11: 2 | B11: Day 2-4 | C11: Full Alphabet Drill | D11: Done | E11: Not Started | F11: Not Started | G11: Done | H11: =IF(AND(D11="Done",E11="Done",F11="Done",G11="Done"),"Done",IF(OR(D11="Done",E11="Done",F11="Done",G11="Done",D11="In Progress",E11="In Progress",F11="In Progress",G11="In Progress"),"In Progress","Not Started")) -> In Progress | I11: Needs flashcard + quiz arrays
A12: 2 | B12: Day 2-5 | C12: Reading & Listening | D12: Done | E12: Not Started | F12: Not Started | G12: Done | H12: =IF(AND(D12="Done",E12="Done",F12="Done",G12="Done"),"Done",IF(OR(D12="Done",E12="Done",F12="Done",G12="Done",D12="In Progress",E12="In Progress",F12="In Progress",G12="In Progress"),"In Progress","Not Started")) -> In Progress | I12: Needs flashcard + quiz arrays
A13: 3 | B13: Day 3-1 | C13: Vowels Deep Dive | D13: Done | E13: Not Started | F13: Not Started | G13: Done | H13: =IF(AND(D13="Done",E13="Done",F13="Done",G13="Done"),"Done",IF(OR(D13="Done",E13="Done",F13="Done",G13="Done",D13="In Progress",E13="In Progress",F13="In Progress",G13="In Progress"),"In Progress","Not Started")) -> In Progress | I13: Needs flashcard + quiz arrays
A14: 3 | B14: Day 3-2 | C14: Tricky Consonants | D14: Done | E14: Not Started | F14: Not Started | G14: Done | H14: =IF(AND(D14="Done",E14="Done",F14="Done",G14="Done"),"Done",IF(OR(D14="Done",E14="Done",F14="Done",G14="Done",D14="In Progress",E14="In Progress",F14="In Progress",G14="In Progress"),"In Progress","Not Started")) -> In Progress | I14: Needs flashcard + quiz arrays
A15: 3 | B15: Day 3-3 | C15: Stress Patterns | D15: Done | E15: Not Started | F15: Not Started | G15: Done | H15: =IF(AND(D15="Done",E15="Done",F15="Done",G15="Done"),"Done",IF(OR(D15="Done",E15="Done",F15="Done",G15="Done",D15="In Progress",E15="In Progress",F15="In Progress",G15="In Progress"),"In Progress","Not Started")) -> In Progress | I15: Needs flashcard + quiz arrays
A16: 3 | B16: Day 3-4 | C16: Read Aloud Practice | D16: Done | E16: Not Started | F16: Not Started | G16: Done | H16: =IF(AND(D16="Done",E16="Done",F16="Done",G16="Done"),"Done",IF(OR(D16="Done",E16="Done",F16="Done",G16="Done",D16="In Progress",E16="In Progress",F16="In Progress",G16="In Progress"),"In Progress","Not Started")) -> In Progress | I16: Needs flashcard + quiz arrays
A17: 3 | B17: Day 3-5 | C17: Listening to Native Speech | D17: Done | E17: Not Started | F17: Not Started | G17: Done | H17: =IF(AND(D17="Done",E17="Done",F17="Done",G17="Done"),"Done",IF(OR(D17="Done",E17="Done",F17="Done",G17="Done",D17="In Progress",E17="In Progress",F17="In Progress",G17="In Progress"),"In Progress","Not Started")) -> In Progress | I17: Needs flashcard + quiz arrays
A18: 4 | B18: Day 4-1 | C18: Greetings by Time of Day | D18: Done | E18: Not Started | F18: Not Started | G18: Done | H18: =IF(AND(D18="Done",E18="Done",F18="Done",G18="Done"),"Done",IF(OR(D18="Done",E18="Done",F18="Done",G18="Done",D18="In Progress",E18="In Progress",F18="In Progress",G18="In Progress"),"In Progress","Not Started")) -> In Progress | I18: Needs flashcard + quiz arrays
A19: 4 | B19: Day 4-2 | C19: Goodbyes & Evening | D19: Done | E19: Not Started | F19: Not Started | G19: Done | H19: =IF(AND(D19="Done",E19="Done",F19="Done",G19="Done"),"Done",IF(OR(D19="Done",E19="Done",F19="Done",G19="Done",D19="In Progress",E19="In Progress",F19="In Progress",G19="In Progress"),"In Progress","Not Started")) -> In Progress | I19: Needs flashcard + quiz arrays
... A22: 4 | B22: Day 4-5 | C22: Week 4 Review | D22: Done | E22: Not Started | F22: Not Started | G22: Done | H22: =IF(AND(D22="Done",E22="Done",F22="Done",G22="Done"),"Done",IF(OR(D22="Done",E22="Done",F22="Done",G22="Done",D22="In Progress",E22="In Progress",F22="In Progress",G22="In Progress"),"In Progress","Not Started")) -> In Progress | I22: Needs flashcard + quiz arrays
A23: 5 | B23: Day 5-1 | C23: Counting 1-10 | D23: Not Started | E23: Not Started | F23: Not Started | G23: Not Started | H23: =IF(AND(D23="Done",E23="Done",F23="Done",G23="Done"),"Done",IF(OR(D23="Done",E23="Done",F23="Done",G23="Done",D23="In Progress",E23="In Progress",F23="In Progress",G23="In Progress"),"In Progress","Not Started")) -> Not Started
A24: 5 | B24: Day 5-2 | C24: Counting 11-100 | D24: Not Started | E24: Not Started | F24: Not Started | G24: Not Started | H24: =IF(AND(D24="Done",E24="Done",F24="Done",G24="Done"),"Done",IF(OR(D24="Done",E24="Done",F24="Done",G24="Done",D24="In Progress",E24="In Progress",F24="In Progress",G24="In Progress"),"In Progress","Not Started")) -> Not Started
A25: 5 | B25: Day 5-3 | C25: Telling Time | D25: Not Started | E25: Not Started | F25: Not Started | G25: Not Started | H25: =IF(AND(D25="Done",E25="Done",F25="Done",G25="Done"),"Done",IF(OR(D25="Done",E25="Done",F25="Done",G25="Done",D25="In Progress",E25="In Progress",F25="In Progress",G25="In Progress"),"In Progress","Not Started")) -> Not Started
A26: 5 | B26: Day 5-4 | C26: Days & Months | D26: Not Started | E26: Not Started | F26: Not Started | G26: Not Started | H26: =IF(AND(D26="Done",E26="Done",F26="Done",G26="Done"),"Done",IF(OR(D26="Done",E26="Done",F26="Done",G26="Done",D26="In Progress",E26="In Progress",F26="In Progress",G26="In Progress"),"In Progress","Not Started")) -> Not Started
A27: 5 | B27: Day 5-5 | C27: Review | D27: Not Started | E27: Not Started | F27: Not Started | G27: Not Started | H27: =IF(AND(D27="Done",E27="Done",F27="Done",G27="Done"),"Done",IF(OR(D27="Done",E27="Done",F27="Done",G27="Done",D27="In Progress",E27="In Progress",F27="In Progress",G27="In Progress"),"In Progress","Not Started")) -> Not Started
A28: 6 | B28: Day 6-1 | C28: Family Members | D28: Not Started | E28: Not Started | F28: Not Started | G28: Not Started | H28: =IF(AND(D28="Done",E28="Done",F28="Done",G28="Done"),"Done",IF(OR(D28="Done",E28="Done",F28="Done",G28="Done",D28="In Progress",E28="In Progress",F28="In Progress",G28="In Progress"),"In Progress","Not Started")) -> Not Started
A29: 6 | B29: Day 6-2 | C29: Descriptions | D29: Not Started | E29: Not Started | F29: Not Started | G29: Not Started | H29: =IF(AND(D29="Done",E29="Done",F29="Done",G29="Done"),"Done",IF(OR(D29="Done",E29="Done",F29="Done",G29="Done",D29="In Progress",E29="In Progress",F29="In Progress",G29="In Progress"),"In Progress","Not Started")) -> Not Started
A30: 6 | B30: Day 6-3 | C30: Ages & Birthdays | D30: Not Started | E30: Not Started | F30: Not Started | G30: Not Started | H30: =IF(AND(D30="Done",E30="Done",F30="Done",G30="Done"),"Done",IF(OR(D30="Done",E30="Done",F30="Done",G30="Done",D30="In Progress",E30="In Progress",F30="In Progress",G30="In Progress"),"In Progress","Not Started")) -> Not Started
A31: 6 | B31: Day 6-4 | C31: Relationships | D31: Not Started | E31: Not Started | F31: Not Started | G31: Not Started | H31: =IF(AND(D31="Done",E31="Done",F31="Done",G31="Done"),"Done",IF(OR(D31="Done",E31="Done",F31="Done",G31="Done",D31="In Progress",E31="In Progress",F31="In Progress",G31="In Progress"),"In Progress","Not Started")) -> Not Started
A32: 6 | B32: Day 6-5 | C32: Review | D32: Not Started | E32: Not Started | F32: Not Started | G32: Not Started | H32: =IF(AND(D32="Done",E32="Done",F32="Done",G32="Done"),"Done",IF(OR(D32="Done",E32="Done",F32="Done",G32="Done",D32="In Progress",E32="In Progress",F32="In Progress",G32="In Progress"),"In Progress","Not Started")) -> Not Started
A33: 7 | B33: Day 7-1 | C33: Common Foods | D33: Not Started | E33: Not Started | F33: Not Started | G33: Not Started | H33: =IF(AND(D33="Done",E33="Done",F33="Done",G33="Done"),"Done",IF(OR(D33="Done",E33="Done",F33="Done",G33="Done",D33="In Progress",E33="In Progress",F33="In Progress",G33="In Progress"),"In Progress","Not Started")) -> Not Started
A34: 7 | B34: Day 7-2 | C34: Drinks & Ordering | D34: Not Started | E34: Not Started | F34: Not Started | G34: Not Started | H34: =IF(AND(D34="Done",E34="Done",F34="Done",G34="Done"),"Done",IF(OR(D34="Done",E34="Done",F34="Done",G34="Done",D34="In Progress",E34="In Progress",F34="In Progress",G34="In Progress"),"In Progress","Not Started")) -> Not Started
... A102: 20 | B102: Day 20-5 | C102: Final Assessment | D102: Not Started | E102: Not Started | F102: Not Started | G102: Not Started | H102: =IF(AND(D102="Done",E102="Done",F102="Done",G102="Done"),"Done",IF(OR(D102="Done",E102="Done",F102="Done",G102="Done",D102="In Progress",E102="In Progress",F102="In Progress",G102="In Progress"),"In Progress","Not Started")) -> Not Started

Sheet Other Tasks
A1: Additional Tasks & Improvements
A2: # | B2: Task | C2: Category | D2: Status | E2: Notes
A3: 1 | B3: Find real YouTube videos for each lesson | C3: Content | D3: Not Started | E3: Replace search links with specific videos
A4: 2 | B4: Clean up legacy files (day1-preview, nav-mockups, learn-bulgarian) | C4: Cleanup | D4: Not Started | E4: 3 files to remove
A5: 3 | B5: Add letter card format to Weeks 2-4 (handwritten + printed) | C5: UI Polish | D5: Not Started | E5: Match Day 1-1/1-2 card format
A6: 4 | B6: Update flashcard format for all weeks | C6: UI Polish | D6: Not Started | E6: englishWord + bgRef pattern
A7: 5 | B7: Test all lessons on mobile | C7: QA | D7: Not Started | E7: Check layout on phone
A8: 6 | B8: Add audio pronunciation files | C8: Enhancement | D8: Not Started | E8: Optional: native speaker recordings
A9: 7 | B9: Implement spaced repetition for flashcards | C9: Enhancement | D9: Not Started | E9: Track which cards user struggles with
A10: 8 | B10: Add offline support testing | C10: QA | D10: Not Started | E10: Verify service worker caching
A11: 9 | B11: Design curriculum for Weeks 5-20 | C11: Planning | D11: Not Started | E11: Define vocab, grammar, topics per day
A12: 10 | B12: Add progress export/backup feature | C12: Enhancement | D12: Not Started | E12: Let users save their progress
